input1,input2,output1
[-100.0 -100.0 -100.0 -100.0 -100.0 -100.0 -100.0 -100.0 -100.0 -100.0 -100.0 -100.0 -100.0 -100.0 -100.0 -100.0 -100.0 -100.0 -100.0 -100.0],[100.0 100.0 100.0 100.0 100.0 100.0 100.0 100.0 100.0 100.0 100.0 100.0 100.0 100.0 100.0 100.0 100.0 100.0 100.0 100.0],894.4271909999159
[5.32 5.32 5.32 5.32 5.32 5.32 5.32 5.32 5.32 5.32 5.32 5.32 5.32 5.32 5.32 5.32 5.32 5.32 5.32 5.32],[5.32 5.32 5.32 5.32 5.32 5.32 5.32 5.32 5.32 5.32 5.32 5.32 5.32 5.32 5.32 5.32 5.32 5.32 5.32 5.32],0.0
[42.91283],[-22.134],65.04683
[1.5 2.87 3.3324 4.654 5.123 6.867 7.5324 8.534 9.4132 10.43],[-1.534 -2.543 -3.423 -4.13427 -5.714 -6.713 -7.4328 -8.43 -9.73 -10.752],42.309638973086265
[0.4378 0.634 0.1234 0.764 0.243],[-0.254 -0.1223 -0.19582 -0.8971 -0.8743],2.2715833329200144
