input1,input2,input3,output1
1.001,1.0,1,2.001
100.0,99.999,20,3999.599534511501
100.0,1.0,20,102.02020201974588
15.319,5.635,1,20.954
2.176,1.787,1,3.963
17.165,5.627,1,22.791999999999998
60.567,37.053,1,97.62
62.145,62.058,1,124.203
36.311,33.399,1,69.71000000000001
46.821,8.151,1,54.971999999999994
