input1,input2,input3,input4,output1
0,0.0,0.0,0.0,0.0
15,15.0,15.0,0.15,92.5748913763936
20,19.99,9.999,0.999,10.00900900900901
20,19.99,9.999,0.0,219.96999999999994
10,0.0,1.0,0.0,10.0
8,10.0,2.0,0.0,26.0
13,0.0,0.0,0.0,0.0
15,14.56,0.0,0.0,14.56
16,18.19,0.0,0.05,8.005904102775611
8,11.3,0.5,0.3,2.2220091629999996
5,1.3,1.5,0.05,7.792487093749998
10,0.0,2.0,0.0,20.0
